JTBD_ID,Job_Category,Job_Statement,Persona,Business_Outcome,Integration_Products,Current_Status,Priority,Phase,Deliverable
JTBD-1,Platform Engineering,"Build Self-Service Developer Platforms","Platform Engineer, Engineering Lead","Reduce time-to-market, increase developer productivity","OpenShift Dev Spaces, OpenShift Pipelines",Not Covered,P0,1,"IDP Architecture Guide"
JTBD-2,Platform Engineering,"Enable Golden Path Developer Workflows","Platform Engineer, SRE","Consistency, reduced errors, faster onboarding","ApplicationSets, OpenShift Pipelines, Dev Spaces",Not Covered,P1,2,"Golden Path Templates Guide"
JTBD-3,AI/ML Operations,"Automate ML Model Deployment Lifecycle","ML Engineer, Data Scientist, MLOps Engineer","Faster model deployment, improved governance","OpenShift AI, OpenShift Pipelines, Argo Rollouts",Not Covered,P0,1,"MLOps Integration Guide"
JTBD-4,AI/ML Operations,"Implement Continuous Training Pipelines","ML Engineer, Data Scientist","Improved model accuracy, reduced manual operations","OpenShift AI, OpenShift Pipelines, Prometheus",Not Covered,P1,2,"Automated Model Retraining Guide"
JTBD-5,Multi-Cluster Management,"Manage Multi-Cluster Deployments at Scale","Platform Engineer, SRE, Cloud Architect","Operational efficiency, reduced errors","Argo CD Agent, ACM",Partially Covered,P1,2,"Fleet Management Enhancement"
JTBD-6,Multi-Cluster Management,"Implement Hub-and-Spoke GitOps Architecture","Platform Engineer, Enterprise Architect","Governance at scale, team autonomy","ACM, ManagedClusterSets, Placements",Mentioned,P1,2,"Hub-and-Spoke Architecture Guide"
JTBD-7,Virtualization,"Manage Virtual Machines as Code","Infrastructure Engineer, Virtualization Admin","Consistency, faster VM provisioning","OpenShift Virtualization, ACM",Critical Gap,P0,1,"VM Management Guide"
JTBD-8,Legacy Modernization,"Modernize Legacy CI/CD to GitOps","DevOps Engineer, Application Developer","Reduced technical debt, improved reliability","OpenShift Pipelines (Tekton)",Critical Gap,P0,1,"Jenkins Migration Playbook"
JTBD-9,Progressive Delivery,"Implement Progressive Delivery with Service Mesh","SRE, Platform Engineer","Reduced deployment risk, improved MTTR","Argo Rollouts, Service Mesh, Prometheus",Content Exists,P1,2,"Service Mesh Integration Enhancement"
JTBD-10,Progressive Delivery,"Implement Feature Flag-Driven Deployments","Product Manager, SRE, Developer","Faster deployment cadence, A/B testing","Argo Rollouts, Feature Flag Systems",Not Covered,P3,4,"Feature Flag Integration Guide"
JTBD-11,Security & Governance,"Enforce Security Policies Through GitOps","Security Admin, Compliance Officer","Automated compliance, reduced security risk","ACM Governance, Compliance Operator, PolicyGenerator",Critical Gap,P0,1,"Security Governance Guide"
JTBD-12,Security & Governance,"Implement RBAC and Multi-Tenancy Governance","Platform Engineer, Security Admin","Improved security posture, team autonomy","OpenShift RBAC, Argo CD RBAC, ACM Policies",Partially Covered,P2,3,"Multi-Tenancy Security Enhancement"
JTBD-13,Disaster Recovery,"Implement GitOps Control Plane Disaster Recovery","SRE, Platform Engineer","Reduced RTO/RPO, business continuity","OADP, etcd backup",Critical Gap,P0,1,"Control Plane DR Guide"
JTBD-14,Disaster Recovery,"Implement Application-Level DR with GitOps","Application Owner, SRE","Business continuity, data protection","OADP, ACM, GitOps",Not Covered,P1,2,"Application DR Guide"
JTBD-15,Observability & SRE,"Implement GitOps Observability and Alerting","SRE, Platform Engineer","Improved MTTR, proactive issue resolution","Prometheus, Grafana, OpenShift Monitoring",Partially Covered,P2,3,"SRE Best Practices Enhancement"
JTBD-16,Observability & SRE,"Establish Configuration Drift Detection","SRE, Platform Engineer","Infrastructure consistency","Argo CD self-healing, ACM policies",Mentioned,P2,3,"Drift Detection Guide"
JTBD-17,Developer Experience,"Enable Developer Self-Service Onboarding","Developer, Platform Engineer","Faster onboarding, reduced support overhead","ApplicationSets, Dev Spaces, Templates",Not Covered,P2,3,"Developer Onboarding Guide"
JTBD-18,Developer Experience,"Provide Developer-Friendly GitOps CLI/UI","Application Developer","Developer productivity, reduced learning curve","Argo CD UI, GitOps CLI, OpenShift Console",CLI Reference Exists,P2,3,"Developer CLI Workflow Guide"
JTBD-19,Business Outcomes,"Demonstrate GitOps ROI and Business Value","Engineering Manager, Director, VP, CTO","Informed decision-making, budget justification","N/A - Business Narrative",Critical Gap,P1,2,"Business Value Content"
JTBD-20,Business Outcomes,"Architect GitOps for Enterprise Scale","Enterprise Architect, Technical Lead","Successful large-scale adoption","All Components - Architectural View",Partially Covered,P1,2,"Enterprise Architecture Reference"
