Category,Titles,Chapters,Sections,Sub-sections,Sub-sub-sections,Details,Notes,URL
Get started,"=HYPERLINK(""https://docs.redhat.com/en/documentation/red_hat_openshift_gitops/1.19/html-single/release_notes"",""Release notes"")",,,,,,,
,,"=HYPERLINK(""https://docs.redhat.com/en/documentation/red_hat_openshift_gitops/1.19/html-single/release_notes"",""Highlights of what is new and what has changed with this OpenShift GitOps release"")",,,,,,
,,"=HYPERLINK(""https://docs.redhat.com/en/documentation/red_hat_openshift_gitops/1.19/html-single/release_notes"",""Chapter 1. Red Hat OpenShift GitOps release notes"")",,,,,,
,,,"=HYPERLINK(""https://docs.redhat.com/en/documentation/red_hat_openshift_gitops/1.19/html-single/release_notes"",""1.1. Compatibility and support matrix"")",,,,,
,,,,"=HYPERLINK(""https://docs.redhat.com/en/documentation/red_hat_openshift_gitops/1.19/html-single/release_notes"",""1.1.1. Technology Preview features"")",,,,
,,,"=HYPERLINK(""https://docs.redhat.com/en/documentation/red_hat_openshift_gitops/1.19/html-single/release_notes"",""1.2. Release notes for Red Hat OpenShift GitOps 1.19.3"")",,,,,
,,,,"=HYPERLINK(""https://docs.redhat.com/en/documentation/red_hat_openshift_gitops/1.19/html-single/release_notes"",""1.2.1. Errata updates"")",,,,
,,,,,"=HYPERLINK(""https://docs.redhat.com/en/documentation/red_hat_openshift_gitops/1.19/html-single/release_notes"",""1.2.1.1. RHSA-2026:9698 - Red Hat OpenShift GitOps 1.19.3 security update advisory"")",,,
,,,,"=HYPERLINK(""https://docs.redhat.com/en/documentation/red_hat_openshift_gitops/1.19/html-single/release_notes"",""1.2.2. Fixed issues"")",,,,
,,,"=HYPERLINK(""https://docs.redhat.com/en/documentation/red_hat_openshift_gitops/1.19/html-single/release_notes"",""1.3. Release notes for Red Hat OpenShift GitOps 1.19.2"")",,,,,
,,,,"=HYPERLINK(""https://docs.redhat.com/en/documentation/red_hat_openshift_gitops/1.19/html-single/release_notes"",""1.3.1. Errata updates"")",,,,
,,,,,"=HYPERLINK(""https://docs.redhat.com/en/documentation/red_hat_openshift_gitops/1.19/html-single/release_notes"",""1.3.1.1. RHSA-2026:3884 - Red Hat OpenShift GitOps 1.19.2 security update advisory"")",,,
,,,,"=HYPERLINK(""https://docs.redhat.com/en/documentation/red_hat_openshift_gitops/1.19/html-single/release_notes"",""1.3.2. Fixed issues"")",,,,
,,,"=HYPERLINK(""https://docs.redhat.com/en/documentation/red_hat_openshift_gitops/1.19/html-single/release_notes"",""1.4. Release notes for Red Hat OpenShift GitOps 1.19.1"")",,,,,
,,,,"=HYPERLINK(""https://docs.redhat.com/en/documentation/red_hat_openshift_gitops/1.19/html-single/release_notes"",""1.4.1. Errata updates"")",,,,
,,,,,"=HYPERLINK(""https://docs.redhat.com/en/documentation/red_hat_openshift_gitops/1.19/html-single/release_notes"",""1.4.1.1. RHSA-2026:1488 - Red Hat OpenShift GitOps 1.19.1 security update advisory"")",,,
,,,,"=HYPERLINK(""https://docs.redhat.com/en/documentation/red_hat_openshift_gitops/1.19/html-single/release_notes"",""1.4.2. Fixed issues"")",,,,
,,,"=HYPERLINK(""https://docs.redhat.com/en/documentation/red_hat_openshift_gitops/1.19/html-single/release_notes"",""1.5. Release notes for Red Hat OpenShift GitOps 1.19.0"")",,,,,
,,,,"=HYPERLINK(""https://docs.redhat.com/en/documentation/red_hat_openshift_gitops/1.19/html-single/release_notes"",""1.5.1. Errata updates"")",,,,
,,,,"=HYPERLINK(""https://docs.redhat.com/en/documentation/red_hat_openshift_gitops/1.19/html-single/release_notes"",""1.5.2. New features"")",,,,
,,,,"=HYPERLINK(""https://docs.redhat.com/en/documentation/red_hat_openshift_gitops/1.19/html-single/release_notes"",""1.5.3. Known issues"")",,,,
,,,,"=HYPERLINK(""https://docs.redhat.com/en/documentation/red_hat_openshift_gitops/1.19/html-single/release_notes"",""1.5.4. Breaking changes"")",,,,
,,,,"=HYPERLINK(""https://docs.redhat.com/en/documentation/red_hat_openshift_gitops/1.19/html-single/release_notes"",""1.5.5. Deprecated and removed features"")",,,,
,,,"=HYPERLINK(""https://docs.redhat.com/en/documentation/red_hat_openshift_gitops/1.19/html-single/release_notes"",""1.6. Additional resources"")",,,,,
,,,,,,,,
,"=HYPERLINK(""https://docs.redhat.com/en/documentation/red_hat_openshift_gitops/1.19/html-single/understanding_openshift_gitops"",""Understanding OpenShift GitOps"")",,,,,,,
,,"=HYPERLINK(""https://docs.redhat.com/en/documentation/red_hat_openshift_gitops/1.19/html-single/understanding_openshift_gitops"",""Introduction to OpenShift GitOps"")",,,,,,
,,"=HYPERLINK(""https://docs.redhat.com/en/documentation/red_hat_openshift_gitops/1.19/html-single/understanding_openshift_gitops"",""Chapter 1. What is GitOps?"")",,,,,,
,,"=HYPERLINK(""https://docs.redhat.com/en/documentation/red_hat_openshift_gitops/1.19/html-single/understanding_openshift_gitops"",""Chapter 2. About Red Hat OpenShift GitOps"")",,,,,,
,,,"=HYPERLINK(""https://docs.redhat.com/en/documentation/red_hat_openshift_gitops/1.19/html-single/understanding_openshift_gitops"",""2.1. Key features"")",,,,,
,,,"=HYPERLINK(""https://docs.redhat.com/en/documentation/red_hat_openshift_gitops/1.19/html-single/understanding_openshift_gitops"",""2.2. Glossary of common terms for OpenShift GitOps"")",,,,,
,,,"=HYPERLINK(""https://docs.redhat.com/en/documentation/red_hat_openshift_gitops/1.19/html-single/understanding_openshift_gitops"",""2.3. Additional resources"")",,,,,
,,"=HYPERLINK(""https://docs.redhat.com/en/documentation/red_hat_openshift_gitops/1.19/html-single/understanding_openshift_gitops"",""Chapter 3. Gathering diagnostic information for support"")",,,,,,
,,,"=HYPERLINK(""https://docs.redhat.com/en/documentation/red_hat_openshift_gitops/1.19/html-single/understanding_openshift_gitops"",""3.1. About the must-gather tool"")",,,,,
,,,"=HYPERLINK(""https://docs.redhat.com/en/documentation/red_hat_openshift_gitops/1.19/html-single/understanding_openshift_gitops"",""3.2. Collecting debugging data for Red Hat OpenShift GitOps"")",,,,,
,,,"=HYPERLINK(""https://docs.redhat.com/en/documentation/red_hat_openshift_gitops/1.19/html-single/understanding_openshift_gitops"",""3.3. Additional resources"")",,,,,
,,,,,,,,
,"=HYPERLINK(""https://docs.redhat.com/en/documentation/red_hat_openshift_gitops/1.19/html-single/managing_cluster_configuration"",""Managing cluster configuration"")",,,,,,,
,,"=HYPERLINK(""https://docs.redhat.com/en/documentation/red_hat_openshift_gitops/1.19/html-single/managing_cluster_configuration"",""Managing OpenShift Container Platform cluster configuration"")",,,,,,
,,"=HYPERLINK(""https://docs.redhat.com/en/documentation/red_hat_openshift_gitops/1.19/html-single/managing_cluster_configuration"",""Chapter 1. Managing OpenShift Container Platform cluster configuration"")",,,,,,
,,,"=HYPERLINK(""https://docs.redhat.com/en/documentation/red_hat_openshift_gitops/1.19/html-single/managing_cluster_configuration"",""1.1. Installing Red Hat OpenShift GitOps Operator using CLI"")",,,,,
,,,"=HYPERLINK(""https://docs.redhat.com/en/documentation/red_hat_openshift_gitops/1.19/html-single/managing_cluster_configuration"",""1.2. Analyzing the default Argo CD instance details"")",,,,,
,,,"=HYPERLINK(""https://docs.redhat.com/en/documentation/red_hat_openshift_gitops/1.19/html-single/managing_cluster_configuration"",""1.3. Access the default Argo CD instance"")",,,,,
,,,"=HYPERLINK(""https://docs.redhat.com/en/documentation/red_hat_openshift_gitops/1.19/html-single/managing_cluster_configuration"",""1.4. Configuring the default Argo CD instance"")",,,,,
,,,,"=HYPERLINK(""https://docs.redhat.com/en/documentation/red_hat_openshift_gitops/1.19/html-single/managing_cluster_configuration"",""1.4.1. Configuring RBAC"")",,,,
,,,,"=HYPERLINK(""https://docs.redhat.com/en/documentation/red_hat_openshift_gitops/1.19/html-single/managing_cluster_configuration"",""1.4.2. Configuring permissions"")",,,,
,,,"=HYPERLINK(""https://docs.redhat.com/en/documentation/red_hat_openshift_gitops/1.19/html-single/managing_cluster_configuration"",""1.5. Additional resources"")",,,,,
,,,,,,,,
Install,"=HYPERLINK(""https://docs.redhat.com/en/documentation/red_hat_openshift_gitops/1.19/html-single/installing_gitops"",""Installing GitOps"")",,,,,,,
,,"=HYPERLINK(""https://docs.redhat.com/en/documentation/red_hat_openshift_gitops/1.19/html-single/installing_gitops"",""Installing the OpenShift GitOps Operator, logging in to the Argo CD instance, and installing the GitOps CLI"")",,,,,,
,,"=HYPERLINK(""https://docs.redhat.com/en/documentation/red_hat_openshift_gitops/1.19/html-single/installing_gitops"",""Chapter 1. Preparing to install Red Hat OpenShift GitOps"")",,,,,,
,,,"=HYPERLINK(""https://docs.redhat.com/en/documentation/red_hat_openshift_gitops/1.19/html-single/installing_gitops"",""1.1. Sizing requirements for GitOps"")",,,,,
,,,,"=HYPERLINK(""https://docs.redhat.com/en/documentation/red_hat_openshift_gitops/1.19/html-single/installing_gitops"",""1.1.1. Sizing requirements for argocd-redis"")",,,,
,,"=HYPERLINK(""https://docs.redhat.com/en/documentation/red_hat_openshift_gitops/1.19/html-single/installing_gitops"",""Chapter 2. Installing Red Hat OpenShift GitOps"")",,,,,,
,,,"=HYPERLINK(""https://docs.redhat.com/en/documentation/red_hat_openshift_gitops/1.19/html-single/installing_gitops"",""2.1. Prerequisites"")",,,,,
,,,"=HYPERLINK(""https://docs.redhat.com/en/documentation/red_hat_openshift_gitops/1.19/html-single/installing_gitops"",""2.2. Installing Red Hat OpenShift GitOps Operator in web console"")",,,,,
,,,"=HYPERLINK(""https://docs.redhat.com/en/documentation/red_hat_openshift_gitops/1.19/html-single/installing_gitops"",""2.3. Installing Red Hat OpenShift GitOps Operator using CLI"")",,,,,
,,,"=HYPERLINK(""https://docs.redhat.com/en/documentation/red_hat_openshift_gitops/1.19/html-single/installing_gitops"",""2.4. Logging in to the Argo CD instance by using the Argo CD admin account"")",,,,,
,,,"=HYPERLINK(""https://docs.redhat.com/en/documentation/red_hat_openshift_gitops/1.19/html-single/installing_gitops"",""2.5. Additional resources"")",,,,,
,,"=HYPERLINK(""https://docs.redhat.com/en/documentation/red_hat_openshift_gitops/1.19/html-single/installing_gitops"",""Chapter 3. Installing the GitOps CLI"")",,,,,,
,,,"=HYPERLINK(""https://docs.redhat.com/en/documentation/red_hat_openshift_gitops/1.19/html-single/installing_gitops"",""3.1. Installing the Red Hat OpenShift GitOps CLI on Linux"")",,,,,
,,,"=HYPERLINK(""https://docs.redhat.com/en/documentation/red_hat_openshift_gitops/1.19/html-single/installing_gitops"",""3.2. Installing the Red Hat OpenShift GitOps CLI on Linux using an RPM"")",,,,,
,,,"=HYPERLINK(""https://docs.redhat.com/en/documentation/red_hat_openshift_gitops/1.19/html-single/installing_gitops"",""3.3. Installing the Red Hat OpenShift GitOps CLI on Windows"")",,,,,
,,,"=HYPERLINK(""https://docs.redhat.com/en/documentation/red_hat_openshift_gitops/1.19/html-single/installing_gitops"",""3.4. Installing the Red Hat OpenShift GitOps CLI on macOS"")",,,,,
,,,"=HYPERLINK(""https://docs.redhat.com/en/documentation/red_hat_openshift_gitops/1.19/html-single/installing_gitops"",""3.5. Additional resources"")",,,,,
,,,,,,,,
,"=HYPERLINK(""https://docs.redhat.com/en/documentation/red_hat_openshift_gitops/1.19/html-single/removing_gitops"",""Removing GitOps"")",,,,,,,
,,"=HYPERLINK(""https://docs.redhat.com/en/documentation/red_hat_openshift_gitops/1.19/html-single/removing_gitops"",""Removing OpenShift GitOps Operator from your cluster"")",,,,,,
,,"=HYPERLINK(""https://docs.redhat.com/en/documentation/red_hat_openshift_gitops/1.19/html-single/removing_gitops"",""Chapter 1. Uninstalling Red Hat OpenShift GitOps"")",,,,,,
,,,"=HYPERLINK(""https://docs.redhat.com/en/documentation/red_hat_openshift_gitops/1.19/html-single/removing_gitops"",""1.1. Deleting the Argo CD instances"")",,,,,
,,,"=HYPERLINK(""https://docs.redhat.com/en/documentation/red_hat_openshift_gitops/1.19/html-single/removing_gitops"",""1.2. Uninstalling the GitOps Operator"")",,,,,
,,,,,,,,
Set up,"=HYPERLINK(""https://docs.redhat.com/en/documentation/red_hat_openshift_gitops/1.19/html-single/argo_cd_instance"",""Argo CD instance"")",,,,,,,
,,"=HYPERLINK(""https://docs.redhat.com/en/documentation/red_hat_openshift_gitops/1.19/html-single/argo_cd_instance"",""Installing and deploying Argo CD instances, enabling notifications with an Argo CD instance, and configuring the NotificationsConfiguration CR"")",,,,,,
,,"=HYPERLINK(""https://docs.redhat.com/en/documentation/red_hat_openshift_gitops/1.19/html-single/argo_cd_instance"",""Chapter 1. Setting up an Argo CD instance"")",,,,,,
,,,"=HYPERLINK(""https://docs.redhat.com/en/documentation/red_hat_openshift_gitops/1.19/html-single/argo_cd_instance"",""1.1. Installing a user-defined Argo CD instance"")",,,,,
,,,"=HYPERLINK(""https://docs.redhat.com/en/documentation/red_hat_openshift_gitops/1.19/html-single/argo_cd_instance"",""1.2. Configuring common cluster roles by specifying user-defined cluster roles for namespace-scoped instances"")",,,,,
,,,"=HYPERLINK(""https://docs.redhat.com/en/documentation/red_hat_openshift_gitops/1.19/html-single/argo_cd_instance"",""1.3. Enabling replicas for Argo CD server and repo server"")",,,,,
,,,"=HYPERLINK(""https://docs.redhat.com/en/documentation/red_hat_openshift_gitops/1.19/html-single/argo_cd_instance"",""1.4. Deploying resources to a different namespace"")",,,,,
,,,"=HYPERLINK(""https://docs.redhat.com/en/documentation/red_hat_openshift_gitops/1.19/html-single/argo_cd_instance"",""1.5. Customizing the Argo CD console link"")",,,,,
,,,"=HYPERLINK(""https://docs.redhat.com/en/documentation/red_hat_openshift_gitops/1.19/html-single/argo_cd_instance"",""1.6. Configuring ImagePullPolicy"")",,,,,
,,"=HYPERLINK(""https://docs.redhat.com/en/documentation/red_hat_openshift_gitops/1.19/html-single/argo_cd_instance"",""Chapter 2. Argo CD custom resource and component properties"")",,,,,,
,,,"=HYPERLINK(""https://docs.redhat.com/en/documentation/red_hat_openshift_gitops/1.19/html-single/argo_cd_instance"",""2.1. Argo CD custom resource properties"")",,,,,
,,,"=HYPERLINK(""https://docs.redhat.com/en/documentation/red_hat_openshift_gitops/1.19/html-single/argo_cd_instance"",""2.2. Repo server properties"")",,,,,
,,,"=HYPERLINK(""https://docs.redhat.com/en/documentation/red_hat_openshift_gitops/1.19/html-single/argo_cd_instance"",""2.3. Enabling notifications with an Argo CD instance"")",,,,,
,,,"=HYPERLINK(""https://docs.redhat.com/en/documentation/red_hat_openshift_gitops/1.19/html-single/argo_cd_instance"",""2.4. Enabling Config Management Plugins in an Argo CD CR"")",,,,,
,,,"=HYPERLINK(""https://docs.redhat.com/en/documentation/red_hat_openshift_gitops/1.19/html-single/argo_cd_instance"",""2.5. NotificationsConfiguration custom resource properties"")",,,,,
,,,,"=HYPERLINK(""https://docs.redhat.com/en/documentation/red_hat_openshift_gitops/1.19/html-single/argo_cd_instance"",""2.5.1. Configuring the NotificationsConfiguration CR by using the web console"")",,,,
,,,,"=HYPERLINK(""https://docs.redhat.com/en/documentation/red_hat_openshift_gitops/1.19/html-single/argo_cd_instance"",""2.5.2. Configuring the NotificationsConfiguration CR by using the CLI"")",,,,
,,,"=HYPERLINK(""https://docs.redhat.com/en/documentation/red_hat_openshift_gitops/1.19/html-single/argo_cd_instance"",""2.6. Configuring Notifications in any Namespace"")",,,,,
,,,,"=HYPERLINK(""https://docs.redhat.com/en/documentation/red_hat_openshift_gitops/1.19/html-single/argo_cd_instance"",""2.6.1. Understanding configuration notifications behavior across namespaces"")",,,,
,,,"=HYPERLINK(""https://docs.redhat.com/en/documentation/red_hat_openshift_gitops/1.19/html-single/argo_cd_instance"",""2.7. Enabling annotation-based resource tracking in Argo CD"")",,,,,
,,,,"=HYPERLINK(""https://docs.redhat.com/en/documentation/red_hat_openshift_gitops/1.19/html-single/argo_cd_instance"",""2.7.1. Configuring annotation-based tracking in multiple Argo CD instances"")",,,,
,,,"=HYPERLINK(""https://docs.redhat.com/en/documentation/red_hat_openshift_gitops/1.19/html-single/argo_cd_instance"",""2.8. Additional resources"")",,,,,
,,,,,,,,
,"=HYPERLINK(""https://docs.redhat.com/en/documentation/red_hat_openshift_gitops/1.19/html-single/access_control_and_user_management"",""Access control and user management"")",,,,,,,
,,"=HYPERLINK(""https://docs.redhat.com/en/documentation/red_hat_openshift_gitops/1.19/html-single/access_control_and_user_management"",""Configuring user authentication and access controls for users and namespaces"")",,,,,,
,,"=HYPERLINK(""https://docs.redhat.com/en/documentation/red_hat_openshift_gitops/1.19/html-single/access_control_and_user_management"",""Chapter 1. Configuring Argo CD RBAC"")",,,,,,
,,,"=HYPERLINK(""https://docs.redhat.com/en/documentation/red_hat_openshift_gitops/1.19/html-single/access_control_and_user_management"",""1.1. Configuring user level access"")",,,,,
,,"=HYPERLINK(""https://docs.redhat.com/en/documentation/red_hat_openshift_gitops/1.19/html-single/access_control_and_user_management"",""Chapter 2. Configuring SSO for Argo CD using Dex"")",,,,,,
,,,"=HYPERLINK(""https://docs.redhat.com/en/documentation/red_hat_openshift_gitops/1.19/html-single/access_control_and_user_management"",""2.1. Configuration to enable the Dex OpenShift OAuth Connector"")",,,,,
,,,,"=HYPERLINK(""https://docs.redhat.com/en/documentation/red_hat_openshift_gitops/1.19/html-single/access_control_and_user_management"",""2.1.1. Mapping users to specific roles"")",,,,
,,,"=HYPERLINK(""https://docs.redhat.com/en/documentation/red_hat_openshift_gitops/1.19/html-single/access_control_and_user_management"",""2.2. Disabling Dex by replacing .spec.sso"")",,,,,
,,"=HYPERLINK(""https://docs.redhat.com/en/documentation/red_hat_openshift_gitops/1.19/html-single/access_control_and_user_management"",""Chapter 3. Managing local users in Argo CD"")",,,,,,
,,,"=HYPERLINK(""https://docs.redhat.com/en/documentation/red_hat_openshift_gitops/1.19/html-single/access_control_and_user_management"",""3.1. About local user management in Argo CD"")",,,,,
,,,"=HYPERLINK(""https://docs.redhat.com/en/documentation/red_hat_openshift_gitops/1.19/html-single/access_control_and_user_management"",""3.2. Local user configuration in Argo CD"")",,,,,
,,,"=HYPERLINK(""https://docs.redhat.com/en/documentation/red_hat_openshift_gitops/1.19/html-single/access_control_and_user_management"",""3.3. Example local user configuration in Argo CD"")",,,,,
,,,"=HYPERLINK(""https://docs.redhat.com/en/documentation/red_hat_openshift_gitops/1.19/html-single/access_control_and_user_management"",""3.4. Token storage and access"")",,,,,
,,,"=HYPERLINK(""https://docs.redhat.com/en/documentation/red_hat_openshift_gitops/1.19/html-single/access_control_and_user_management"",""3.5. Token lifecycle management"")",,,,,
,,,"=HYPERLINK(""https://docs.redhat.com/en/documentation/red_hat_openshift_gitops/1.19/html-single/access_control_and_user_management"",""3.6. User lifecycle management"")",,,,,
,,,"=HYPERLINK(""https://docs.redhat.com/en/documentation/red_hat_openshift_gitops/1.19/html-single/access_control_and_user_management"",""3.7. Integration with legacy configuration"")",,,,,
,,,"=HYPERLINK(""https://docs.redhat.com/en/documentation/red_hat_openshift_gitops/1.19/html-single/access_control_and_user_management"",""3.8. Creating local users in Argo CD"")",,,,,
,,,,,,,,
,"=HYPERLINK(""https://docs.redhat.com/en/documentation/red_hat_openshift_gitops/1.19/html-single/managing_resource_use"",""Managing resource use"")",,,,,,,
,,"=HYPERLINK(""https://docs.redhat.com/en/documentation/red_hat_openshift_gitops/1.19/html-single/managing_resource_use"",""Configuring resource requests and limits for Argo CD workloads"")",,,,,,
,,"=HYPERLINK(""https://docs.redhat.com/en/documentation/red_hat_openshift_gitops/1.19/html-single/managing_resource_use"",""Chapter 1. Configuring resource quota or requests"")",,,,,,
,,,"=HYPERLINK(""https://docs.redhat.com/en/documentation/red_hat_openshift_gitops/1.19/html-single/managing_resource_use"",""1.1. Configuring workloads with resource requests and limits"")",,,,,
,,,"=HYPERLINK(""https://docs.redhat.com/en/documentation/red_hat_openshift_gitops/1.19/html-single/managing_resource_use"",""1.2. Patching Argo CD instance to update the resource requirements"")",,,,,
,,,"=HYPERLINK(""https://docs.redhat.com/en/documentation/red_hat_openshift_gitops/1.19/html-single/managing_resource_use"",""1.3. Removing resource requests"")",,,,,
,,"=HYPERLINK(""https://docs.redhat.com/en/documentation/red_hat_openshift_gitops/1.19/html-single/managing_resource_use"",""Chapter 2. Configure resource requests and limits for GitOps plugin components"")",,,,,,
,,,"=HYPERLINK(""https://docs.redhat.com/en/documentation/red_hat_openshift_gitops/1.19/html-single/managing_resource_use"",""2.1. Enabling the GitOpsService custom resource"")",,,,,
,,,"=HYPERLINK(""https://docs.redhat.com/en/documentation/red_hat_openshift_gitops/1.19/html-single/managing_resource_use"",""2.2. Behavior of resource configuration"")",,,,,
,,,,,,,,
,"=HYPERLINK(""https://docs.redhat.com/en/documentation/red_hat_openshift_gitops/1.19/html-single/argo_cd_applications"",""Argo CD applications"")",,,,,,,
,,"=HYPERLINK(""https://docs.redhat.com/en/documentation/red_hat_openshift_gitops/1.19/html-single/argo_cd_applications"",""Creating and deploying applications on the OpenShift cluster by using the Argo CD dashboard, oc tool, or GitOps CLI"")",,,,,,
,,"=HYPERLINK(""https://docs.redhat.com/en/documentation/red_hat_openshift_gitops/1.19/html-single/argo_cd_applications"",""Chapter 1. Deploying a Spring Boot application with Argo CD"")",,,,,,
,,,"=HYPERLINK(""https://docs.redhat.com/en/documentation/red_hat_openshift_gitops/1.19/html-single/argo_cd_applications"",""1.1. Creating an application by using the Argo CD dashboard"")",,,,,
,,,"=HYPERLINK(""https://docs.redhat.com/en/documentation/red_hat_openshift_gitops/1.19/html-single/argo_cd_applications"",""1.2. Creating an application by using the oc tool"")",,,,,
,,,"=HYPERLINK(""https://docs.redhat.com/en/documentation/red_hat_openshift_gitops/1.19/html-single/argo_cd_applications"",""1.3. Verifying Argo CD self-healing behavior"")",,,,,
,,"=HYPERLINK(""https://docs.redhat.com/en/documentation/red_hat_openshift_gitops/1.19/html-single/argo_cd_applications"",""Chapter 2. Creating an application by using the GitOps CLI"")",,,,,,
,,,"=HYPERLINK(""https://docs.redhat.com/en/documentation/red_hat_openshift_gitops/1.19/html-single/argo_cd_applications"",""2.1. Creating an application in the default mode by using the GitOps CLI"")",,,,,
,,,"=HYPERLINK(""https://docs.redhat.com/en/documentation/red_hat_openshift_gitops/1.19/html-single/argo_cd_applications"",""2.2. Creating an application in core mode by using the GitOps CLI"")",,,,,
,,,"=HYPERLINK(""https://docs.redhat.com/en/documentation/red_hat_openshift_gitops/1.19/html-single/argo_cd_applications"",""2.3. Additional resources"")",,,,,
,,"=HYPERLINK(""https://docs.redhat.com/en/documentation/red_hat_openshift_gitops/1.19/html-single/argo_cd_applications"",""Chapter 3. Managing the application resources in non-control plane namespaces"")",,,,,,
,,,"=HYPERLINK(""https://docs.redhat.com/en/documentation/red_hat_openshift_gitops/1.19/html-single/argo_cd_applications"",""3.1. Prerequisites"")",,,,,
,,,"=HYPERLINK(""https://docs.redhat.com/en/documentation/red_hat_openshift_gitops/1.19/html-single/argo_cd_applications"",""3.2. Configuring the Argo CD CR of your user-defined cluster-scoped Argo CD instance with the target namespaces"")",,,,,
,,,"=HYPERLINK(""https://docs.redhat.com/en/documentation/red_hat_openshift_gitops/1.19/html-single/argo_cd_applications"",""3.3. Creating and configuring a user-defined AppProject instance with the target namespaces"")",,,,,
,,,"=HYPERLINK(""https://docs.redhat.com/en/documentation/red_hat_openshift_gitops/1.19/html-single/argo_cd_applications"",""3.4. Creating and configuring the Application CR to reference the target namespace and user-defined AppProject instance"")",,,,,
,,,"=HYPERLINK(""https://docs.redhat.com/en/documentation/red_hat_openshift_gitops/1.19/html-single/argo_cd_applications"",""3.5. Additional resources"")",,,,,
,,,,,,,,
,"=HYPERLINK(""https://docs.redhat.com/en/documentation/red_hat_openshift_gitops/1.19/html-single/argo_cd_application_sets"",""Argo CD application sets"")",,,,,,,
,,"=HYPERLINK(""https://docs.redhat.com/en/documentation/red_hat_openshift_gitops/1.19/html-single/argo_cd_application_sets"",""Managing the application set resources in non-control plane namespaces"")",,,,,,
,,"=HYPERLINK(""https://docs.redhat.com/en/documentation/red_hat_openshift_gitops/1.19/html-single/argo_cd_application_sets"",""Chapter 1. Managing the application set resources in non-control plane namespaces"")",,,,,,
,,,"=HYPERLINK(""https://docs.redhat.com/en/documentation/red_hat_openshift_gitops/1.19/html-single/argo_cd_application_sets"",""1.1. Prerequisites"")",,,,,
,,,"=HYPERLINK(""https://docs.redhat.com/en/documentation/red_hat_openshift_gitops/1.19/html-single/argo_cd_application_sets"",""1.2. Enabling the application set resources in non-control plane namespaces"")",,,,,
,,,"=HYPERLINK(""https://docs.redhat.com/en/documentation/red_hat_openshift_gitops/1.19/html-single/argo_cd_application_sets"",""1.3. Allowing Source Code Manager Providers"")",,,,,
,,,"=HYPERLINK(""https://docs.redhat.com/en/documentation/red_hat_openshift_gitops/1.19/html-single/argo_cd_application_sets"",""1.4. Additional resources"")",,,,,
,,,,,,,,
,"=HYPERLINK(""https://docs.redhat.com/en/documentation/red_hat_openshift_gitops/1.19/html-single/multitenancy"",""Multitenancy"")",,,,,,,
,,"=HYPERLINK(""https://docs.redhat.com/en/documentation/red_hat_openshift_gitops/1.19/html-single/multitenancy"",""Understanding multitenancy support in GitOps"")",,,,,,
,,"=HYPERLINK(""https://docs.redhat.com/en/documentation/red_hat_openshift_gitops/1.19/html-single/multitenancy"",""Chapter 1. Multitenancy support in GitOps"")",,,,,,
,,,"=HYPERLINK(""https://docs.redhat.com/en/documentation/red_hat_openshift_gitops/1.19/html-single/multitenancy"",""1.1. Argo CD instance scopes"")",,,,,
,,,,"=HYPERLINK(""https://docs.redhat.com/en/documentation/red_hat_openshift_gitops/1.19/html-single/multitenancy"",""1.1.1. Namespace-scoped instance (Application delivery instance)"")",,,,
,,,,"=HYPERLINK(""https://docs.redhat.com/en/documentation/red_hat_openshift_gitops/1.19/html-single/multitenancy"",""1.1.2. Cluster-scoped instance"")",,,,
,,,,"=HYPERLINK(""https://docs.redhat.com/en/documentation/red_hat_openshift_gitops/1.19/html-single/multitenancy"",""1.1.3. Default cluster-scoped instance"")",,,,
,,,"=HYPERLINK(""https://docs.redhat.com/en/documentation/red_hat_openshift_gitops/1.19/html-single/multitenancy"",""1.2. Important considerations when adopting the multitenancy model"")",,,,,
,,,,"=HYPERLINK(""https://docs.redhat.com/en/documentation/red_hat_openshift_gitops/1.19/html-single/multitenancy"",""1.2.1. Argo CD role-based access control (RBAC)"")",,,,
,,,,"=HYPERLINK(""https://docs.redhat.com/en/documentation/red_hat_openshift_gitops/1.19/html-single/multitenancy"",""1.2.2. Argo CD projects"")",,,,
,,,"=HYPERLINK(""https://docs.redhat.com/en/documentation/red_hat_openshift_gitops/1.19/html-single/multitenancy"",""1.3. Enable tenant namespace management with the NamespaceManagement CR"")",,,,,
,,,,"=HYPERLINK(""https://docs.redhat.com/en/documentation/red_hat_openshift_gitops/1.19/html-single/multitenancy"",""1.3.1. Configuring namespace management for Argo CD tenants"")",,,,
,,,"=HYPERLINK(""https://docs.redhat.com/en/documentation/red_hat_openshift_gitops/1.19/html-single/multitenancy"",""1.4. Additional resources"")",,,,,
,,,,,,,,
,"=HYPERLINK(""https://docs.redhat.com/en/documentation/red_hat_openshift_gitops/1.19/html-single/declarative_cluster_configuration"",""Declarative cluster configuration"")",,,,,,,
,,"=HYPERLINK(""https://docs.redhat.com/en/documentation/red_hat_openshift_gitops/1.19/html-single/declarative_cluster_configuration"",""Configuring an OpenShift cluster with cluster configurations by using OpenShift GitOps and creating and synchronizing applications in the default and code mode by using the GitOps CLI"")",,,,,,
,,"=HYPERLINK(""https://docs.redhat.com/en/documentation/red_hat_openshift_gitops/1.19/html-single/declarative_cluster_configuration"",""Chapter 1. Configuring an OpenShift cluster by deploying an application with cluster configurations"")",,,,,,
,,,"=HYPERLINK(""https://docs.redhat.com/en/documentation/red_hat_openshift_gitops/1.19/html-single/declarative_cluster_configuration"",""1.1. Prerequisites"")",,,,,
,,,"=HYPERLINK(""https://docs.redhat.com/en/documentation/red_hat_openshift_gitops/1.19/html-single/declarative_cluster_configuration"",""1.2. Using an Argo CD instance to manage cluster-scoped resources"")",,,,,
,,,"=HYPERLINK(""https://docs.redhat.com/en/documentation/red_hat_openshift_gitops/1.19/html-single/declarative_cluster_configuration"",""1.3. Default permissions of an Argo CD instance"")",,,,,
,,,"=HYPERLINK(""https://docs.redhat.com/en/documentation/red_hat_openshift_gitops/1.19/html-single/declarative_cluster_configuration"",""1.4. Running the Argo CD instance at the cluster-level"")",,,,,
,,,"=HYPERLINK(""https://docs.redhat.com/en/documentation/red_hat_openshift_gitops/1.19/html-single/declarative_cluster_configuration"",""1.5. Creating an application by using the Argo CD dashboard"")",,,,,
,,,"=HYPERLINK(""https://docs.redhat.com/en/documentation/red_hat_openshift_gitops/1.19/html-single/declarative_cluster_configuration"",""1.6. Creating an application by using the oc tool"")",,,,,
,,,"=HYPERLINK(""https://docs.redhat.com/en/documentation/red_hat_openshift_gitops/1.19/html-single/declarative_cluster_configuration"",""1.7. Creating an application in the default mode by using the GitOps CLI"")",,,,,
,,,"=HYPERLINK(""https://docs.redhat.com/en/documentation/red_hat_openshift_gitops/1.19/html-single/declarative_cluster_configuration"",""1.8. Creating an application in core mode by using the GitOps CLI"")",,,,,
,,,"=HYPERLINK(""https://docs.redhat.com/en/documentation/red_hat_openshift_gitops/1.19/html-single/declarative_cluster_configuration"",""1.9. Synchronizing your application with your Git repository"")",,,,,
,,,"=HYPERLINK(""https://docs.redhat.com/en/documentation/red_hat_openshift_gitops/1.19/html-single/declarative_cluster_configuration"",""1.10. Synchronizing an application in the default mode by using the GitOps CLI"")",,,,,
,,,"=HYPERLINK(""https://docs.redhat.com/en/documentation/red_hat_openshift_gitops/1.19/html-single/declarative_cluster_configuration"",""1.11. Synchronizing an application in core mode by using the GitOps CLI"")",,,,,
,,,"=HYPERLINK(""https://docs.redhat.com/en/documentation/red_hat_openshift_gitops/1.19/html-single/declarative_cluster_configuration"",""1.12. In-built permissions for cluster configuration"")",,,,,
,,,"=HYPERLINK(""https://docs.redhat.com/en/documentation/red_hat_openshift_gitops/1.19/html-single/declarative_cluster_configuration"",""1.13. Adding permissions for cluster configuration"")",,,,,
,,,"=HYPERLINK(""https://docs.redhat.com/en/documentation/red_hat_openshift_gitops/1.19/html-single/declarative_cluster_configuration"",""1.14. Installing OLM Operators using Red Hat OpenShift GitOps"")",,,,,
,,,,"=HYPERLINK(""https://docs.redhat.com/en/documentation/red_hat_openshift_gitops/1.19/html-single/declarative_cluster_configuration"",""1.14.1. Installing cluster-scoped Operators"")",,,,
,,,,"=HYPERLINK(""https://docs.redhat.com/en/documentation/red_hat_openshift_gitops/1.19/html-single/declarative_cluster_configuration"",""1.14.2. Installing namepace-scoped Operators"")",,,,
,,,"=HYPERLINK(""https://docs.redhat.com/en/documentation/red_hat_openshift_gitops/1.19/html-single/declarative_cluster_configuration"",""1.15. Configuring respectRBAC using Red Hat OpenShift GitOps"")",,,,,
,,,,"=HYPERLINK(""https://docs.redhat.com/en/documentation/red_hat_openshift_gitops/1.19/html-single/declarative_cluster_configuration"",""1.15.1. Configuring respectRBAC using the CLI"")",,,,
,,,,"=HYPERLINK(""https://docs.redhat.com/en/documentation/red_hat_openshift_gitops/1.19/html-single/declarative_cluster_configuration"",""1.15.2. Configuring respectRBAC by using the web console"")",,,,
,,,"=HYPERLINK(""https://docs.redhat.com/en/documentation/red_hat_openshift_gitops/1.19/html-single/declarative_cluster_configuration"",""1.16. Additional resources"")",,,,,
,,"=HYPERLINK(""https://docs.redhat.com/en/documentation/red_hat_openshift_gitops/1.19/html-single/declarative_cluster_configuration"",""Chapter 2. Customizing permissions by creating user-defined cluster roles for cluster-scoped instances"")",,,,,,
,,,"=HYPERLINK(""https://docs.redhat.com/en/documentation/red_hat_openshift_gitops/1.19/html-single/declarative_cluster_configuration"",""2.1. Prerequisites"")",,,,,
,,,"=HYPERLINK(""https://docs.redhat.com/en/documentation/red_hat_openshift_gitops/1.19/html-single/declarative_cluster_configuration"",""2.2. Disabling the creation of the default cluster roles for the cluster-scoped instance"")",,,,,
,,,"=HYPERLINK(""https://docs.redhat.com/en/documentation/red_hat_openshift_gitops/1.19/html-single/declarative_cluster_configuration"",""2.3. Customizing permissions for cluster-scoped instances"")",,,,,
,,,"=HYPERLINK(""https://docs.redhat.com/en/documentation/red_hat_openshift_gitops/1.19/html-single/declarative_cluster_configuration"",""2.4. Additional resources"")",,,,,
,,"=HYPERLINK(""https://docs.redhat.com/en/documentation/red_hat_openshift_gitops/1.19/html-single/declarative_cluster_configuration"",""Chapter 3. Customizing permissions by creating aggregated cluster roles"")",,,,,,
,,,"=HYPERLINK(""https://docs.redhat.com/en/documentation/red_hat_openshift_gitops/1.19/html-single/declarative_cluster_configuration"",""3.1. Aggregated cluster roles"")",,,,,
,,,"=HYPERLINK(""https://docs.redhat.com/en/documentation/red_hat_openshift_gitops/1.19/html-single/declarative_cluster_configuration"",""3.2. Prerequisites"")",,,,,
,,,"=HYPERLINK(""https://docs.redhat.com/en/documentation/red_hat_openshift_gitops/1.19/html-single/declarative_cluster_configuration"",""3.3. Creating aggregated cluster roles"")",,,,,
,,,,"=HYPERLINK(""https://docs.redhat.com/en/documentation/red_hat_openshift_gitops/1.19/html-single/declarative_cluster_configuration"",""3.3.1. Enable the creation of aggregated cluster roles"")",,,,
,,,,"=HYPERLINK(""https://docs.redhat.com/en/documentation/red_hat_openshift_gitops/1.19/html-single/declarative_cluster_configuration"",""3.3.2. Create user-defined cluster roles and configure user-defined permissions"")",,,,
,,,"=HYPERLINK(""https://docs.redhat.com/en/documentation/red_hat_openshift_gitops/1.19/html-single/declarative_cluster_configuration"",""3.4. Enabling the creation of aggregated cluster roles"")",,,,,
,,,"=HYPERLINK(""https://docs.redhat.com/en/documentation/red_hat_openshift_gitops/1.19/html-single/declarative_cluster_configuration"",""3.5. Creating user-defined cluster roles and configuring user-defined permissions for Application Controller"")",,,,,
,,,"=HYPERLINK(""https://docs.redhat.com/en/documentation/red_hat_openshift_gitops/1.19/html-single/declarative_cluster_configuration"",""3.6. Additional resources"")",,,,,
,,"=HYPERLINK(""https://docs.redhat.com/en/documentation/red_hat_openshift_gitops/1.19/html-single/declarative_cluster_configuration"",""Chapter 4. Sharding clusters across Argo CD Application Controller replicas"")",,,,,,
,,,"=HYPERLINK(""https://docs.redhat.com/en/documentation/red_hat_openshift_gitops/1.19/html-single/declarative_cluster_configuration"",""4.1. Enabling the round-robin sharding algorithm"")",,,,,
,,,,"=HYPERLINK(""https://docs.redhat.com/en/documentation/red_hat_openshift_gitops/1.19/html-single/declarative_cluster_configuration"",""4.1.1. Enabling the round-robin sharding algorithm in the web console"")",,,,
,,,,"=HYPERLINK(""https://docs.redhat.com/en/documentation/red_hat_openshift_gitops/1.19/html-single/declarative_cluster_configuration"",""4.1.2. Enabling the round-robin sharding algorithm by using the CLI"")",,,,
,,,"=HYPERLINK(""https://docs.redhat.com/en/documentation/red_hat_openshift_gitops/1.19/html-single/declarative_cluster_configuration"",""4.2. Enabling dynamic scaling of shards of the Argo CD Application Controller"")",,,,,
,,,,"=HYPERLINK(""https://docs.redhat.com/en/documentation/red_hat_openshift_gitops/1.19/html-single/declarative_cluster_configuration"",""4.2.1. Enabling dynamic scaling of shards in the web console"")",,,,
,,,,"=HYPERLINK(""https://docs.redhat.com/en/documentation/red_hat_openshift_gitops/1.19/html-single/declarative_cluster_configuration"",""4.2.2. Enabling dynamic scaling of shards by using the CLI"")",,,,
,,,,,,,,
,"=HYPERLINK(""https://docs.redhat.com/en/documentation/red_hat_openshift_gitops/1.19/html-single/argo_cd_agent_architecture"",""Argo CD Agent architecture"")",,,,,,,
,,"=HYPERLINK(""https://docs.redhat.com/en/documentation/red_hat_openshift_gitops/1.19/html-single/argo_cd_agent_architecture"",""Describes the architecture and terminology used in the Argo CD Agent, detailing how agent-based GitOps communication and synchronization works between the control plane and workload clusters."")",,,,,,
,,"=HYPERLINK(""https://docs.redhat.com/en/documentation/red_hat_openshift_gitops/1.19/html-single/argo_cd_agent_architecture"",""Chapter 1. Argo CD Agent architecture overview"")",,,,,,
,,,"=HYPERLINK(""https://docs.redhat.com/en/documentation/red_hat_openshift_gitops/1.19/html-single/argo_cd_agent_architecture"",""1.1. Introduction to the Argo CD Agent architecture"")",,,,,
,,,"=HYPERLINK(""https://docs.redhat.com/en/documentation/red_hat_openshift_gitops/1.19/html-single/argo_cd_agent_architecture"",""1.2. Architecture and Terminology"")",,,,,
,,,"=HYPERLINK(""https://docs.redhat.com/en/documentation/red_hat_openshift_gitops/1.19/html-single/argo_cd_agent_architecture"",""1.3. Comparing Argo CD Agent with traditional Argo CD architecture"")",,,,,
,,,"=HYPERLINK(""https://docs.redhat.com/en/documentation/red_hat_openshift_gitops/1.19/html-single/argo_cd_agent_architecture"",""1.4. Synchronization mechanism between the control plane and workload clusters"")",,,,,
,,,"=HYPERLINK(""https://docs.redhat.com/en/documentation/red_hat_openshift_gitops/1.19/html-single/argo_cd_agent_architecture"",""1.5. Argo CD Agent modes"")",,,,,
,,,,"=HYPERLINK(""https://docs.redhat.com/en/documentation/red_hat_openshift_gitops/1.19/html-single/argo_cd_agent_architecture"",""1.5.1. Argo CD Agent Managed mode"")",,,,
,,,,"=HYPERLINK(""https://docs.redhat.com/en/documentation/red_hat_openshift_gitops/1.19/html-single/argo_cd_agent_architecture"",""1.5.2. Argo CD Agent Autonomous mode"")",,,,
,,,"=HYPERLINK(""https://docs.redhat.com/en/documentation/red_hat_openshift_gitops/1.19/html-single/argo_cd_agent_architecture"",""1.6. Security and Authentication"")",,,,,
,,,"=HYPERLINK(""https://docs.redhat.com/en/documentation/red_hat_openshift_gitops/1.19/html-single/argo_cd_agent_architecture"",""1.7. Application Management Across Namespaces"")",,,,,
,,,"=HYPERLINK(""https://docs.redhat.com/en/documentation/red_hat_openshift_gitops/1.19/html-single/argo_cd_agent_architecture"",""1.8. Known Limitations"")",,,,,
,,,"=HYPERLINK(""https://docs.redhat.com/en/documentation/red_hat_openshift_gitops/1.19/html-single/argo_cd_agent_architecture"",""1.9. Additional resources"")",,,,,
,,,,,,,,
,"=HYPERLINK(""https://docs.redhat.com/en/documentation/red_hat_openshift_gitops/1.19/html-single/argo_cd_agent_installation"",""Argo CD Agent installation"")",,,,,,,
,,"=HYPERLINK(""https://docs.redhat.com/en/documentation/red_hat_openshift_gitops/1.19/html-single/argo_cd_agent_installation"",""Installing and deploying the Argo CD Agent, enabling the Argo CD Agent in different modes by using a helm chart."")",,,,,,
,,"=HYPERLINK(""https://docs.redhat.com/en/documentation/red_hat_openshift_gitops/1.19/html-single/argo_cd_agent_installation"",""Chapter 1. Installing Argo CD Agent"")",,,,,,
,,,"=HYPERLINK(""https://docs.redhat.com/en/documentation/red_hat_openshift_gitops/1.19/html-single/argo_cd_agent_installation"",""1.1. Prerequisites"")",,,,,
,,,"=HYPERLINK(""https://docs.redhat.com/en/documentation/red_hat_openshift_gitops/1.19/html-single/argo_cd_agent_installation"",""1.2. Argo CD Agent Terminologies"")",,,,,
,,,"=HYPERLINK(""https://docs.redhat.com/en/documentation/red_hat_openshift_gitops/1.19/html-single/argo_cd_agent_installation"",""1.3. Installing the Principal component"")",,,,,
,,,"=HYPERLINK(""https://docs.redhat.com/en/documentation/red_hat_openshift_gitops/1.19/html-single/argo_cd_agent_installation"",""1.4. Setting up a spoke cluster environment"")",,,,,
,,,"=HYPERLINK(""https://docs.redhat.com/en/documentation/red_hat_openshift_gitops/1.19/html-single/argo_cd_agent_installation"",""1.5. Installing the Argo CD Agent in managed mode by using a Helm chart"")",,,,,
,,,"=HYPERLINK(""https://docs.redhat.com/en/documentation/red_hat_openshift_gitops/1.19/html-single/argo_cd_agent_installation"",""1.6. Installing the Argo CD Agent in autonomous mode by using a Helm chart"")",,,,,
,,,"=HYPERLINK(""https://docs.redhat.com/en/documentation/red_hat_openshift_gitops/1.19/html-single/argo_cd_agent_installation"",""1.7. Verifying the Argo CD Agent installation in Managed Mode or Autonomous Mode"")",,,,,
,,,"=HYPERLINK(""https://docs.redhat.com/en/documentation/red_hat_openshift_gitops/1.19/html-single/argo_cd_agent_installation"",""1.8. Deploying Argo CD applications"")",,,,,
,,,,"=HYPERLINK(""https://docs.redhat.com/en/documentation/red_hat_openshift_gitops/1.19/html-single/argo_cd_agent_installation"",""1.8.1. Deploying an Argo CD application in managed mode"")",,,,
,,,,"=HYPERLINK(""https://docs.redhat.com/en/documentation/red_hat_openshift_gitops/1.19/html-single/argo_cd_agent_installation"",""1.8.2. Deploying an Argo CD application in autonomous mode"")",,,,
,,,"=HYPERLINK(""https://docs.redhat.com/en/documentation/red_hat_openshift_gitops/1.19/html-single/argo_cd_agent_installation"",""1.9. Troubleshooting Principal-Agent communication and deployment issues"")",,,,,
,,,"=HYPERLINK(""https://docs.redhat.com/en/documentation/red_hat_openshift_gitops/1.19/html-single/argo_cd_agent_installation"",""1.10. Additional resources"")",,,,,
,,,,,,,,
Progressive delivery,"=HYPERLINK(""https://docs.redhat.com/en/documentation/red_hat_openshift_gitops/1.19/html-single/argo_rollouts"",""Argo Rollouts"")",,,,,,,
,,"=HYPERLINK(""https://docs.redhat.com/en/documentation/red_hat_openshift_gitops/1.19/html-single/argo_rollouts"",""Using Argo Rollouts for progressive delivery"")",,,,,,
,,"=HYPERLINK(""https://docs.redhat.com/en/documentation/red_hat_openshift_gitops/1.19/html-single/argo_rollouts"",""Chapter 1. Argo Rollouts overview"")",,,,,,
,,,"=HYPERLINK(""https://docs.redhat.com/en/documentation/red_hat_openshift_gitops/1.19/html-single/argo_rollouts"",""1.1. Why use Argo Rollouts?"")",,,,,
,,,,"=HYPERLINK(""https://docs.redhat.com/en/documentation/red_hat_openshift_gitops/1.19/html-single/argo_rollouts"",""1.1.1. Benefits of Argo Rollouts"")",,,,
,,,"=HYPERLINK(""https://docs.redhat.com/en/documentation/red_hat_openshift_gitops/1.19/html-single/argo_rollouts"",""1.2. About RolloutManager custom resources and specification"")",,,,,
,,,,"=HYPERLINK(""https://docs.redhat.com/en/documentation/red_hat_openshift_gitops/1.19/html-single/argo_rollouts"",""1.2.1. Argo Rollouts controller"")",,,,
,,,"=HYPERLINK(""https://docs.redhat.com/en/documentation/red_hat_openshift_gitops/1.19/html-single/argo_rollouts"",""1.3. Argo Rollouts architecture overview"")",,,,,
,,,,"=HYPERLINK(""https://docs.redhat.com/en/documentation/red_hat_openshift_gitops/1.19/html-single/argo_rollouts"",""1.3.1. Argo Rollouts components"")",,,,
,,,,"=HYPERLINK(""https://docs.redhat.com/en/documentation/red_hat_openshift_gitops/1.19/html-single/argo_rollouts"",""1.3.2. Argo Rollouts resources"")",,,,
,,,"=HYPERLINK(""https://docs.redhat.com/en/documentation/red_hat_openshift_gitops/1.19/html-single/argo_rollouts"",""1.4. Argo Rollouts CLI overview"")",,,,,
,,,"=HYPERLINK(""https://docs.redhat.com/en/documentation/red_hat_openshift_gitops/1.19/html-single/argo_rollouts"",""1.5. Additional resources"")",,,,,
,,"=HYPERLINK(""https://docs.redhat.com/en/documentation/red_hat_openshift_gitops/1.19/html-single/argo_rollouts"",""Chapter 2. Using Argo Rollouts for progressive deployment delivery"")",,,,,,
,,,"=HYPERLINK(""https://docs.redhat.com/en/documentation/red_hat_openshift_gitops/1.19/html-single/argo_rollouts"",""2.1. Prerequisites"")",,,,,
,,,"=HYPERLINK(""https://docs.redhat.com/en/documentation/red_hat_openshift_gitops/1.19/html-single/argo_rollouts"",""2.2. Creating a RolloutManager custom resource"")",,,,,
,,,"=HYPERLINK(""https://docs.redhat.com/en/documentation/red_hat_openshift_gitops/1.19/html-single/argo_rollouts"",""2.3. Deleting a RolloutManager custom resource"")",,,,,
,,,"=HYPERLINK(""https://docs.redhat.com/en/documentation/red_hat_openshift_gitops/1.19/html-single/argo_rollouts"",""2.4. Installing Argo Rollouts CLI on Linux"")",,,,,
,,,"=HYPERLINK(""https://docs.redhat.com/en/documentation/red_hat_openshift_gitops/1.19/html-single/argo_rollouts"",""2.5. Installing Argo Rollouts CLI on Mac OS"")",,,,,
,,,"=HYPERLINK(""https://docs.redhat.com/en/documentation/red_hat_openshift_gitops/1.19/html-single/argo_rollouts"",""2.6. Enabling Argo Rollouts UI on an Argo CD instance"")",,,,,
,,,"=HYPERLINK(""https://docs.redhat.com/en/documentation/red_hat_openshift_gitops/1.19/html-single/argo_rollouts"",""2.7. Additional resources"")",,,,,
,,"=HYPERLINK(""https://docs.redhat.com/en/documentation/red_hat_openshift_gitops/1.19/html-single/argo_rollouts"",""Chapter 3. Getting started with Argo Rollouts"")",,,,,,
,,,"=HYPERLINK(""https://docs.redhat.com/en/documentation/red_hat_openshift_gitops/1.19/html-single/argo_rollouts"",""3.1. Prerequisites"")",,,,,
,,,"=HYPERLINK(""https://docs.redhat.com/en/documentation/red_hat_openshift_gitops/1.19/html-single/argo_rollouts"",""3.2. Deploying a rollout"")",,,,,
,,,"=HYPERLINK(""https://docs.redhat.com/en/documentation/red_hat_openshift_gitops/1.19/html-single/argo_rollouts"",""3.3. Updating the rollout"")",,,,,
,,,"=HYPERLINK(""https://docs.redhat.com/en/documentation/red_hat_openshift_gitops/1.19/html-single/argo_rollouts"",""3.4. Promoting the rollout"")",,,,,
,,,"=HYPERLINK(""https://docs.redhat.com/en/documentation/red_hat_openshift_gitops/1.19/html-single/argo_rollouts"",""3.5. Manually aborting the rollout"")",,,,,
,,,"=HYPERLINK(""https://docs.redhat.com/en/documentation/red_hat_openshift_gitops/1.19/html-single/argo_rollouts"",""3.6. Additional resources"")",,,,,
,,"=HYPERLINK(""https://docs.redhat.com/en/documentation/red_hat_openshift_gitops/1.19/html-single/argo_rollouts"",""Chapter 4. Routing traffic by using Argo Rollouts"")",,,,,,
,,,"=HYPERLINK(""https://docs.redhat.com/en/documentation/red_hat_openshift_gitops/1.19/html-single/argo_rollouts"",""4.1. Prerequisites"")",,,,,
,,,"=HYPERLINK(""https://docs.redhat.com/en/documentation/red_hat_openshift_gitops/1.19/html-single/argo_rollouts"",""4.2. Configuring Argo Rollouts to route traffic by using OpenShift Routes"")",,,,,
,,,"=HYPERLINK(""https://docs.redhat.com/en/documentation/red_hat_openshift_gitops/1.19/html-single/argo_rollouts"",""4.3. Additional resources"")",,,,,
,,"=HYPERLINK(""https://docs.redhat.com/en/documentation/red_hat_openshift_gitops/1.19/html-single/argo_rollouts"",""Chapter 5. Routing traffic by using Argo Rollouts for OpenShift Service Mesh"")",,,,,,
,,,,"=HYPERLINK(""https://docs.redhat.com/en/documentation/red_hat_openshift_gitops/1.19/html-single/argo_rollouts#sample-deployment-scenario"",""Sample deployment scenario"")",,,,
,,,"=HYPERLINK(""https://docs.redhat.com/en/documentation/red_hat_openshift_gitops/1.19/html-single/argo_rollouts"",""5.1. Configuring Argo Rollouts to route traffic by using OpenShift Service Mesh"")",,,,,
,,"=HYPERLINK(""https://docs.redhat.com/en/documentation/red_hat_openshift_gitops/1.19/html-single/argo_rollouts"",""Chapter 6. Enabling support for a namespace-scoped Argo Rollouts installation"")",,,,,,
,,,"=HYPERLINK(""https://docs.redhat.com/en/documentation/red_hat_openshift_gitops/1.19/html-single/argo_rollouts"",""6.1. Configuring a namespace-scoped Argo Rollouts installation"")",,,,,
,,"=HYPERLINK(""https://docs.redhat.com/en/documentation/red_hat_openshift_gitops/1.19/html-single/argo_rollouts"",""Chapter 7. Configuring traffic management and metric plugins in Argo Rollouts"")",,,,,,
,,,"=HYPERLINK(""https://docs.redhat.com/en/documentation/red_hat_openshift_gitops/1.19/html-single/argo_rollouts"",""7.1. Prerequisites"")",,,,,
,,,"=HYPERLINK(""https://docs.redhat.com/en/documentation/red_hat_openshift_gitops/1.19/html-single/argo_rollouts"",""7.2. Enabling traffic management and metric plugins in Argo Rollouts"")",,,,,
,,,"=HYPERLINK(""https://docs.redhat.com/en/documentation/red_hat_openshift_gitops/1.19/html-single/argo_rollouts"",""7.3. Additional resources"")",,,,,
,,"=HYPERLINK(""https://docs.redhat.com/en/documentation/red_hat_openshift_gitops/1.19/html-single/argo_rollouts"",""Chapter 8. Enabling high availability support for Argo Rollouts"")",,,,,,
,,,"=HYPERLINK(""https://docs.redhat.com/en/documentation/red_hat_openshift_gitops/1.19/html-single/argo_rollouts"",""8.1. Configuring high availability for Argo Rollouts"")",,,,,
,,"=HYPERLINK(""https://docs.redhat.com/en/documentation/red_hat_openshift_gitops/1.19/html-single/argo_rollouts"",""Chapter 9. Using a cluster-scoped Argo Rollouts instance to manage rollout resources"")",,,,,,
,,,"=HYPERLINK(""https://docs.redhat.com/en/documentation/red_hat_openshift_gitops/1.19/html-single/argo_rollouts"",""9.1. Prerequisites"")",,,,,
,,,"=HYPERLINK(""https://docs.redhat.com/en/documentation/red_hat_openshift_gitops/1.19/html-single/argo_rollouts"",""9.2. Configuring a cluster-scoped Argo Rollouts instance to manage rollout resources"")",,,,,
,,,"=HYPERLINK(""https://docs.redhat.com/en/documentation/red_hat_openshift_gitops/1.19/html-single/argo_rollouts"",""9.3. Additional resources"")",,,,,
,,,,,,,,
Security,"=HYPERLINK(""https://docs.redhat.com/en/documentation/red_hat_openshift_gitops/1.19/html-single/security"",""Security"")",,,,,,,
,,"=HYPERLINK(""https://docs.redhat.com/en/documentation/red_hat_openshift_gitops/1.19/html-single/security"",""Using security features to configure secure communication and protect the possibly sensitive data in transit"")",,,,,,
,,"=HYPERLINK(""https://docs.redhat.com/en/documentation/red_hat_openshift_gitops/1.19/html-single/security"",""Chapter 1. Configuring secure communication with Redis"")",,,,,,
,,,"=HYPERLINK(""https://docs.redhat.com/en/documentation/red_hat_openshift_gitops/1.19/html-single/security"",""1.1. Prerequisites"")",,,,,
,,,"=HYPERLINK(""https://docs.redhat.com/en/documentation/red_hat_openshift_gitops/1.19/html-single/security"",""1.2. Configuring TLS for Redis with autotls enabled"")",,,,,
,,,"=HYPERLINK(""https://docs.redhat.com/en/documentation/red_hat_openshift_gitops/1.19/html-single/security"",""1.3. Configuring TLS for Redis with autotls disabled"")",,,,,
,,"=HYPERLINK(""https://docs.redhat.com/en/documentation/red_hat_openshift_gitops/1.19/html-single/security"",""Chapter 2. Managing secrets securely using Secrets Store CSI driver with GitOps"")",,,,,,
,,,"=HYPERLINK(""https://docs.redhat.com/en/documentation/red_hat_openshift_gitops/1.19/html-single/security"",""2.1. Overview of managing secrets using Secrets Store CSI driver with GitOps"")",,,,,
,,,,"=HYPERLINK(""https://docs.redhat.com/en/documentation/red_hat_openshift_gitops/1.19/html-single/security"",""2.1.1. Benefits"")",,,,
,,,"=HYPERLINK(""https://docs.redhat.com/en/documentation/red_hat_openshift_gitops/1.19/html-single/security"",""2.2. Secrets store providers"")",,,,,
,,,"=HYPERLINK(""https://docs.redhat.com/en/documentation/red_hat_openshift_gitops/1.19/html-single/security"",""2.3. Configure AWS Secrets Manager on OpenShift with GitOps"")",,,,,
,,,,"=HYPERLINK(""https://docs.redhat.com/en/documentation/red_hat_openshift_gitops/1.19/html-single/security"",""2.3.1. Storing AWS Secrets Manager resources in GitOps repository"")",,,,
,,,,"=HYPERLINK(""https://docs.redhat.com/en/documentation/red_hat_openshift_gitops/1.19/html-single/security"",""2.3.2. Configuring SSCSI driver to mount secrets from AWS Secrets Manager"")",,,,
,,,,"=HYPERLINK(""https://docs.redhat.com/en/documentation/red_hat_openshift_gitops/1.19/html-single/security"",""2.3.3. Configuring GitOps managed resources to use mounted secrets"")",,,,
,,,"=HYPERLINK(""https://docs.redhat.com/en/documentation/red_hat_openshift_gitops/1.19/html-single/security"",""2.4. Configure HashiCorp Vault as a secrets provider on OpenShift with GitOps"")",,,,,
,,,,"=HYPERLINK(""https://docs.redhat.com/en/documentation/red_hat_openshift_gitops/1.19/html-single/security"",""2.4.1. Installing the Vault CSI Provider using GitOps"")",,,,
,,,,"=HYPERLINK(""https://docs.redhat.com/en/documentation/red_hat_openshift_gitops/1.19/html-single/security"",""2.4.2. Initializing and configuring Vault to store a Secret"")",,,,
,,,,"=HYPERLINK(""https://docs.redhat.com/en/documentation/red_hat_openshift_gitops/1.19/html-single/security"",""2.4.3. Managing Secrets, Policies, and Roles in Vault"")",,,,
,,,,"=HYPERLINK(""https://docs.redhat.com/en/documentation/red_hat_openshift_gitops/1.19/html-single/security"",""2.4.4. Configuring GitOps managed resources to use Vault-mounted secrets"")",,,,
,,,,"=HYPERLINK(""https://docs.redhat.com/en/documentation/red_hat_openshift_gitops/1.19/html-single/security"",""2.4.5. Verifying secret injection"")",,,,
,,,"=HYPERLINK(""https://docs.redhat.com/en/documentation/red_hat_openshift_gitops/1.19/html-single/security"",""2.5. Additional resources"")",,,,,
,,"=HYPERLINK(""https://docs.redhat.com/en/documentation/red_hat_openshift_gitops/1.19/html-single/security"",""Chapter 3. Masking sensitive annotations in the Argo CD Web UI"")",,,,,,
,,,"=HYPERLINK(""https://docs.redhat.com/en/documentation/red_hat_openshift_gitops/1.19/html-single/security"",""3.1. Enabling sensitive annotations masking in the Argo CD Web UI"")",,,,,
,,,"=HYPERLINK(""https://docs.redhat.com/en/documentation/red_hat_openshift_gitops/1.19/html-single/security"",""3.2. Additional resources"")",,,,,
,,,,,,,,
Reference,"=HYPERLINK(""https://docs.redhat.com/en/documentation/red_hat_openshift_gitops/1.19/html-single/gitops_cli_argocd_reference"",""GitOps CLI (argocd) reference"")",,,,,,,
,,"=HYPERLINK(""https://docs.redhat.com/en/documentation/red_hat_openshift_gitops/1.19/html-single/gitops_cli_argocd_reference"",""Configuring the GitOps CLI and logging in to the Argo CD server in the default mode"")",,,,,,
,,"=HYPERLINK(""https://docs.redhat.com/en/documentation/red_hat_openshift_gitops/1.19/html-single/gitops_cli_argocd_reference"",""Chapter 1. Configuring the GitOps CLI"")",,,,,,
,,,"=HYPERLINK(""https://docs.redhat.com/en/documentation/red_hat_openshift_gitops/1.19/html-single/gitops_cli_argocd_reference"",""1.1. Enabling tab completion"")",,,,,
,,,"=HYPERLINK(""https://docs.redhat.com/en/documentation/red_hat_openshift_gitops/1.19/html-single/gitops_cli_argocd_reference"",""1.2. Additional resources"")",,,,,
,,"=HYPERLINK(""https://docs.redhat.com/en/documentation/red_hat_openshift_gitops/1.19/html-single/gitops_cli_argocd_reference"",""Chapter 2. Logging in to the Argo CD server in the default mode"")",,,,,,
,,,"=HYPERLINK(""https://docs.redhat.com/en/documentation/red_hat_openshift_gitops/1.19/html-single/gitops_cli_argocd_reference"",""2.1. Logging in to the Argo CD server"")",,,,,
,,,"=HYPERLINK(""https://docs.redhat.com/en/documentation/red_hat_openshift_gitops/1.19/html-single/gitops_cli_argocd_reference"",""2.2. Additional resources"")",,,,,
,,"=HYPERLINK(""https://docs.redhat.com/en/documentation/red_hat_openshift_gitops/1.19/html-single/gitops_cli_argocd_reference"",""Chapter 3. GitOps argocd CLI reference"")",,,,,,
,,,"=HYPERLINK(""https://docs.redhat.com/en/documentation/red_hat_openshift_gitops/1.19/html-single/gitops_cli_argocd_reference"",""3.1. Basic syntax"")",,,,,
,,,,"=HYPERLINK(""https://docs.redhat.com/en/documentation/red_hat_openshift_gitops/1.19/html-single/gitops_cli_argocd_reference"",""3.1.1. Default mode"")",,,,
,,,,"=HYPERLINK(""https://docs.redhat.com/en/documentation/red_hat_openshift_gitops/1.19/html-single/gitops_cli_argocd_reference"",""3.1.2. Core mode"")",,,,
,,,"=HYPERLINK(""https://docs.redhat.com/en/documentation/red_hat_openshift_gitops/1.19/html-single/gitops_cli_argocd_reference"",""3.2. Global options"")",,,,,
,,,"=HYPERLINK(""https://docs.redhat.com/en/documentation/red_hat_openshift_gitops/1.19/html-single/gitops_cli_argocd_reference"",""3.3. Utility commands"")",,,,,
,,,,"=HYPERLINK(""https://docs.redhat.com/en/documentation/red_hat_openshift_gitops/1.19/html-single/gitops_cli_argocd_reference"",""3.3.1. argocd"")",,,,
,,,,"=HYPERLINK(""https://docs.redhat.com/en/documentation/red_hat_openshift_gitops/1.19/html-single/gitops_cli_argocd_reference"",""3.3.2. version"")",,,,
,,,,"=HYPERLINK(""https://docs.redhat.com/en/documentation/red_hat_openshift_gitops/1.19/html-single/gitops_cli_argocd_reference"",""3.3.3. help"")",,,,
,,,,"=HYPERLINK(""https://docs.redhat.com/en/documentation/red_hat_openshift_gitops/1.19/html-single/gitops_cli_argocd_reference"",""3.3.4. completion"")",,,,
,,,"=HYPERLINK(""https://docs.redhat.com/en/documentation/red_hat_openshift_gitops/1.19/html-single/gitops_cli_argocd_reference"",""3.4. Additional resources"")",,,,,
,,,,,,,,
Manage,"=HYPERLINK(""https://docs.redhat.com/en/documentation/red_hat_openshift_gitops/1.19/html-single/gitops_workloads_on_infrastructure_nodes"",""GitOps workloads on infrastructure nodes"")",,,,,,,
,,"=HYPERLINK(""https://docs.redhat.com/en/documentation/red_hat_openshift_gitops/1.19/html-single/gitops_workloads_on_infrastructure_nodes"",""Running GitOps control plane workloads on infrastructure nodes"")",,,,,,
,,"=HYPERLINK(""https://docs.redhat.com/en/documentation/red_hat_openshift_gitops/1.19/html-single/gitops_workloads_on_infrastructure_nodes"",""Chapter 1. Running GitOps control plane workloads on infrastructure nodes"")",,,,,,
,,,"=HYPERLINK(""https://docs.redhat.com/en/documentation/red_hat_openshift_gitops/1.19/html-single/gitops_workloads_on_infrastructure_nodes"",""1.1. Moving GitOps control plane workloads to infrastructure nodes"")",,,,,
,,,"=HYPERLINK(""https://docs.redhat.com/en/documentation/red_hat_openshift_gitops/1.19/html-single/gitops_workloads_on_infrastructure_nodes"",""1.2. Moving the GitOps Operator pod to infrastructure nodes"")",,,,,
,,,"=HYPERLINK(""https://docs.redhat.com/en/documentation/red_hat_openshift_gitops/1.19/html-single/gitops_workloads_on_infrastructure_nodes"",""1.3. Additional resources"")",,,,,
,,,,,,,,
Observability,"=HYPERLINK(""https://docs.redhat.com/en/documentation/red_hat_openshift_gitops/1.19/html-single/observability"",""Observability"")",,,,,,,
,,"=HYPERLINK(""https://docs.redhat.com/en/documentation/red_hat_openshift_gitops/1.19/html-single/observability"",""Using observability features to view Argo CD logs and monitor the performance and health of Argo CD and application resources"")",,,,,,
,,"=HYPERLINK(""https://docs.redhat.com/en/documentation/red_hat_openshift_gitops/1.19/html-single/observability"",""Chapter 1. Logging"")",,,,,,
,,,"=HYPERLINK(""https://docs.redhat.com/en/documentation/red_hat_openshift_gitops/1.19/html-single/observability"",""1.1. Viewing Argo CD logs"")",,,,,
,,,,"=HYPERLINK(""https://docs.redhat.com/en/documentation/red_hat_openshift_gitops/1.19/html-single/observability"",""1.1.1. Storing and retrieving Argo CD logs"")",,,,
,,,,"=HYPERLINK(""https://docs.redhat.com/en/documentation/red_hat_openshift_gitops/1.19/html-single/observability"",""1.1.2. Additional resources"")",,,,
,,"=HYPERLINK(""https://docs.redhat.com/en/documentation/red_hat_openshift_gitops/1.19/html-single/observability"",""Chapter 2. Monitoring"")",,,,,,
,,,"=HYPERLINK(""https://docs.redhat.com/en/documentation/red_hat_openshift_gitops/1.19/html-single/observability"",""2.1. Monitoring with GitOps dashboards"")",,,,,
,,,,"=HYPERLINK(""https://docs.redhat.com/en/documentation/red_hat_openshift_gitops/1.19/html-single/observability"",""2.1.1. Accessing GitOps monitoring dashboards"")",,,,
,,,"=HYPERLINK(""https://docs.redhat.com/en/documentation/red_hat_openshift_gitops/1.19/html-single/observability"",""2.2. Monitoring Argo CD instances"")",,,,,
,,,,"=HYPERLINK(""https://docs.redhat.com/en/documentation/red_hat_openshift_gitops/1.19/html-single/observability"",""2.2.1. Prerequisites"")",,,,
,,,,"=HYPERLINK(""https://docs.redhat.com/en/documentation/red_hat_openshift_gitops/1.19/html-single/observability"",""2.2.2. Monitoring Argo CD health using Prometheus metrics"")",,,,
,,,,"=HYPERLINK(""https://docs.redhat.com/en/documentation/red_hat_openshift_gitops/1.19/html-single/observability"",""2.2.3. Disabling automatic scraping of metrics for Argo CD instances"")",,,,
,,,,"=HYPERLINK(""https://docs.redhat.com/en/documentation/red_hat_openshift_gitops/1.19/html-single/observability"",""2.2.4. Additional resources"")",,,,
,,,"=HYPERLINK(""https://docs.redhat.com/en/documentation/red_hat_openshift_gitops/1.19/html-single/observability"",""2.3. Monitoring the GitOps Operator performance"")",,,,,
,,,,"=HYPERLINK(""https://docs.redhat.com/en/documentation/red_hat_openshift_gitops/1.19/html-single/observability"",""2.3.1. Accessing the GitOps Operator metrics"")",,,,
,,,,"=HYPERLINK(""https://docs.redhat.com/en/documentation/red_hat_openshift_gitops/1.19/html-single/observability"",""2.3.2. Additional resources"")",,,,
,,,"=HYPERLINK(""https://docs.redhat.com/en/documentation/red_hat_openshift_gitops/1.19/html-single/observability"",""2.4. Monitoring health information for application resources and deployments"")",,,,,
,,,,"=HYPERLINK(""https://docs.redhat.com/en/documentation/red_hat_openshift_gitops/1.19/html-single/observability"",""2.4.1. Settings for environment labels and annotations"")",,,,
,,,,,"=HYPERLINK(""https://docs.redhat.com/en/documentation/red_hat_openshift_gitops/1.19/html-single/observability#environment-labels"",""Environment labels"")",,,
,,,,,"=HYPERLINK(""https://docs.redhat.com/en/documentation/red_hat_openshift_gitops/1.19/html-single/observability#environment-annotations"",""Environment annotations"")",,,
,,,,"=HYPERLINK(""https://docs.redhat.com/en/documentation/red_hat_openshift_gitops/1.19/html-single/observability"",""2.4.2. Checking health information"")",,,,
,,,"=HYPERLINK(""https://docs.redhat.com/en/documentation/red_hat_openshift_gitops/1.19/html-single/observability"",""2.5. Monitoring Argo CD custom resource workloads"")",,,,,
,,,,"=HYPERLINK(""https://docs.redhat.com/en/documentation/red_hat_openshift_gitops/1.19/html-single/observability"",""2.5.1. Prerequisites"")",,,,
,,,,"=HYPERLINK(""https://docs.redhat.com/en/documentation/red_hat_openshift_gitops/1.19/html-single/observability"",""2.5.2. Enabling Monitoring for Argo CD custom resource workloads"")",,,,
,,,,"=HYPERLINK(""https://docs.redhat.com/en/documentation/red_hat_openshift_gitops/1.19/html-single/observability"",""2.5.3. Disabling Monitoring for Argo CD custom resource workloads"")",,,,
,,,,"=HYPERLINK(""https://docs.redhat.com/en/documentation/red_hat_openshift_gitops/1.19/html-single/observability"",""2.5.4. Additional resources"")",,,,
,,,,,,,,
Troubleshoot,"=HYPERLINK(""https://docs.redhat.com/en/documentation/red_hat_openshift_gitops/1.19/html-single/troubleshooting_issues"",""Troubleshooting issues"")",,,,,,,
,,"=HYPERLINK(""https://docs.redhat.com/en/documentation/red_hat_openshift_gitops/1.19/html-single/troubleshooting_issues"",""Troubleshooting topics for OpenShift GitOps and your cluster"")",,,,,,
,,"=HYPERLINK(""https://docs.redhat.com/en/documentation/red_hat_openshift_gitops/1.19/html-single/troubleshooting_issues"",""Chapter 1. Issue: Auto-reboot during Argo CD sync with machine configurations"")",,,,,,
,,,"=HYPERLINK(""https://docs.redhat.com/en/documentation/red_hat_openshift_gitops/1.19/html-single/troubleshooting_issues"",""1.1. Solution: Enhance performance in machine configurations and Argo CD"")",,,,,
,,,"=HYPERLINK(""https://docs.redhat.com/en/documentation/red_hat_openshift_gitops/1.19/html-single/troubleshooting_issues"",""1.2. Additional resources"")",,,,,
,,,,,,,,
